t,event,bytes_total,bytes_periph,bytes_fovea,cmd_received,gaze_uv,quality_mode,crop_x,crop_y,crop_w,crop_h,delta_ms
1779706737.2857,server_start,0,0,0,,,gaze-p15-f85-unity,,,,,
1779707655.9199,gaze_received,0,0,0,,"0.501,0.501",gaze,,,,,
1779707655.9532,gaze_received,0,0,0,,"0.501,0.501",gaze,,,,,
1779707655.9863,gaze_received,0,0,0,,"0.501,0.501",gaze,,,,,
1779707656.0194,gaze_received,0,0,0,,"0.501,0.501",gaze,,,,,
1779707656.0526,gaze_received,0,0,0,,"0.501,0.501",gaze,,,,,
1779707656.0859,gaze_received,0,0,0,,"0.501,0.501",gaze,,,,,
1779707656.1190,gaze_received,0,0,0,,"0.501,0.501",gaze,,,,,
1779707656.1521,gaze_received,0,0,0,,"0.501,0.501",gaze,,,,,
1779707656.1852,gaze_received,0,0,0,,"0.501,0.501",gaze,,,,,
1779707656.2184,gaze_received,0,0,0,,"0.501,0.501",gaze,,,,,
1779707656.2515,gaze_received,0,0,0,,"0.501,0.501",gaze,,,,,
1779707656.2847,gaze_received,0,0,0,,"0.501,0.501",gaze,,,,,
1779707656.3179,gaze_received,0,0,0,,"0.501,0.501",gaze,,,,,
1779707656.3510,gaze_received,0,0,0,,"0.501,0.501",gaze,,,,,
1779707656.3841,gaze_received,0,0,0,,"0.501,0.501",gaze,,,,,
1779707656.4172,gaze_received,0,0,0,,"0.501,0.501",gaze,,,,,
1779707656.4504,gaze_received,0,0,0,,"0.501,0.501",gaze,,,,,
1779707656.4835,gaze_received,0,0,0,,"0.501,0.501",gaze,,,,,
1779707656.5166,gaze_received,0,0,0,,"0.501,0.501",gaze,,,,,
1779707656.5497,gaze_received,0,0,0,,"0.501,0.501",gaze,,,,,
1779707656.5828,gaze_received,0,0,0,,"0.501,0.501",gaze,,,,,
1779707656.6159,gaze_received,0,0,0,,"0.501,0.501",gaze,,,,,
1779707656.6490,gaze_received,0,0,0,,"0.501,0.501",gaze,,,,,
1779707656.6822,gaze_received,0,0,0,,"0.501,0.501",gaze,,,,,
1779707656.7153,gaze_received,0,0,0,,"0.501,0.501",gaze,,,,,
1779707656.7484,gaze_received,0,0,0,,"0.501,0.501",gaze,,,,,
1779707656.7815,gaze_received,0,0,0,,"0.501,0.501",gaze,,,,,
1779707656.8147,gaze_received,0,0,0,,"0.501,0.501",gaze,,,,,
1779707656.8478,gaze_received,0,0,0,,"0.501,0.501",gaze,,,,,
1779707656.8808,gaze_received,0,0,0,,"0.501,0.501",gaze,,,,,
1779707656.9139,gaze_received,0,0,0,,"0.501,0.501",gaze,,,,,
1779707656.9470,gaze_received,0,0,0,,"0.501,0.501",gaze,,,,,
1779707656.9801,gaze_received,0,0,0,,"0.501,0.501",gaze,,,,,
1779707657.0158,gaze_received,0,0,0,,"0.501,0.501",gaze,,,,,
1779707657.0463,gaze_received,0,0,0,,"0.501,0.501",gaze,,,,,
1779707657.0795,gaze_received,0,0,0,,"0.501,0.501",gaze,,,,,
1779707657.1126,gaze_received,0,0,0,,"0.501,0.501",gaze,,,,,
1779707657.1457,gaze_received,0,0,0,,"0.501,0.501",gaze,,,,,
1779707657.1788,gaze_received,0,0,0,,"0.501,0.501",gaze,,,,,
1779707657.2119,gaze_received,0,0,0,,"0.501,0.501",gaze,,,,,
1779707657.2450,gaze_received,0,0,0,,"0.501,0.501",gaze,,,,,
1779707657.2781,gaze_received,0,0,0,,"0.501,0.501",gaze,,,,,
1779707657.3508,gaze_received,0,0,0,,"0.501,0.501",gaze,,,,,
1779707657.3508,gaze_received,0,0,0,,"0.501,0.501",gaze,,,,,
1779707657.3774,gaze_received,0,0,0,,"0.501,0.501",gaze,,,,,
1779707657.4105,gaze_received,0,0,0,,"0.501,0.501",gaze,,,,,
1779707657.4437,gaze_received,0,0,0,,"0.501,0.501",gaze,,,,,
1779707657.4767,gaze_received,0,0,0,,"0.501,0.501",gaze,,,,,
1779707657.4868,frame_sent,20629,17235,3378,,"0.501,0.501",gaze,540,259,200,200,-57.1
1779707657.5099,gaze_received,0,0,0,,"0.000,0.000",gaze,,,,,
1779707657.5430,gaze_received,0,0,0,,"0.000,0.000",gaze,,,,,
1779707657.5514,frame_sent,18174,17235,923,,"0.000,0.000",gaze,0,620,100,100,-56.1
1779707657.5762,gaze_received,0,0,0,,"0.005,0.000",gaze,,,,,
1779707657.5924,frame_sent,18178,17235,927,,"0.005,0.000",gaze,0,620,106,100,-24.7
1779707657.6051,frame_sent,18178,17235,927,,"0.005,0.000",gaze,0,620,106,100,16.3
1779707657.6093,gaze_received,0,0,0,,"0.031,0.000",gaze,,,,,
1779707657.6307,frame_sent,18266,17235,1015,,"0.031,0.000",gaze,0,620,139,100,-4.1
1779707657.6424,gaze_received,0,0,0,,"0.031,0.000",gaze,,,,,
1779707657.6684,frame_sent,18266,17235,1015,,"0.031,0.000",gaze,0,620,139,100,-11.6
1779707657.6755,gaze_received,0,0,0,,"0.031,0.000",gaze,,,,,
1779707657.6977,frame_sent,18266,17235,1015,,"0.031,0.000",gaze,0,620,139,100,-7.0
1779707657.7086,gaze_received,0,0,0,,"0.031,0.000",gaze,,,,,
1779707657.7357,frame_sent,18266,17235,1015,,"0.031,0.000",gaze,0,620,139,100,-10.7
1779707657.7416,gaze_received,0,0,0,,"0.031,0.000",gaze,,,,,
1779707657.7696,frame_sent,18266,17235,1015,,"0.031,0.000",gaze,0,620,139,100,-5.9
1779707657.7747,gaze_received,0,0,0,,"0.031,0.000",gaze,,,,,
1779707657.7906,frame_sent,18266,17235,1015,,"0.031,0.000",gaze,0,620,139,100,-5.1
1779707657.8079,gaze_received,0,0,0,,"0.031,0.000",gaze,,,,,
1779707657.8304,frame_sent,18266,17235,1015,,"0.031,0.000",gaze,0,620,139,100,-17.2
1779707657.8410,gaze_received,0,0,0,,"0.031,0.000",gaze,,,,,
1779707657.8658,frame_sent,18266,17235,1015,,"0.031,0.000",gaze,0,620,139,100,-10.6
1779707657.8741,gaze_received,0,0,0,,"0.031,0.000",gaze,,,,,
1779707657.8951,frame_sent,18266,17235,1015,,"0.031,0.000",gaze,0,620,139,100,-8.2
1779707657.9072,gaze_received,0,0,0,,"0.031,0.000",gaze,,,,,
1779707657.9254,frame_sent,18266,17235,1015,,"0.031,0.000",gaze,0,620,139,100,-12.0
1779707657.9403,gaze_received,0,0,0,,"0.031,0.000",gaze,,,,,
1779707657.9641,frame_sent,18266,17235,1015,,"0.031,0.000",gaze,0,620,139,100,-14.8
1779707657.9734,gaze_received,0,0,0,,"0.031,0.000",gaze,,,,,
1779707657.9926,frame_sent,18266,17235,1015,,"0.031,0.000",gaze,0,620,139,100,-9.2
1779707658.0065,gaze_received,0,0,0,,"0.031,0.000",gaze,,,,,
1779707658.0263,frame_sent,18266,17235,1015,,"0.031,0.000",gaze,0,620,139,100,-13.8
1779707658.0396,gaze_received,0,0,0,,"0.031,0.000",gaze,,,,,
1779707658.0636,frame_sent,18266,17235,1015,,"0.031,0.000",gaze,0,620,139,100,-13.2
1779707658.0727,gaze_received,0,0,0,,"0.031,0.000",gaze,,,,,
1779707658.1059,gaze_received,0,0,0,,"0.031,0.000",gaze,,,,,
1779707658.1389,gaze_received,0,0,0,,"0.031,0.000",gaze,,,,,
1779707658.1720,gaze_received,0,0,0,,"0.031,0.000",gaze,,,,,
1779707658.1919,frame_sent,18266,17235,1015,,"0.031,0.000",gaze,0,620,139,100,-108.4
1779707658.2042,frame_sent,18266,17235,1015,,"0.031,0.000",gaze,0,620,139,100,20.0
1779707658.2051,gaze_received,0,0,0,,"0.031,0.000",gaze,,,,,
1779707658.2167,frame_sent,18266,17235,1015,,"0.031,0.000",gaze,0,620,139,100,-0.8
1779707658.2286,frame_sent,18266,17235,1015,,"0.031,0.000",gaze,0,620,139,100,11.7
1779707658.2382,gaze_received,0,0,0,,"0.031,0.000",gaze,,,,,
1779707658.2509,frame_sent,18266,17235,1015,,"0.031,0.000",gaze,0,620,139,100,-9.6
1779707658.2713,gaze_received,0,0,0,,"0.031,0.000",gaze,,,,,
1779707658.2721,frame_sent,18266,17235,1015,,"0.031,0.000",gaze,0,620,139,100,12.8
1779707658.2939,frame_sent,18266,17235,1015,,"0.031,0.000",gaze,0,620,139,100,0.8
1779707658.3044,gaze_received,0,0,0,,"0.031,0.000",gaze,,,,,
1779707658.3241,frame_sent,18266,17235,1015,,"0.031,0.000",gaze,0,620,139,100,-10.3
1779707658.3375,gaze_received,0,0,0,,"0.031,0.000",gaze,,,,,
1779707658.3634,frame_sent,18266,17235,1015,,"0.031,0.000",gaze,0,620,139,100,-13.3
1779707658.3706,gaze_received,0,0,0,,"0.031,0.000",gaze,,,,,
1779707658.3912,frame_sent,18266,17235,1015,,"0.031,0.000",gaze,0,620,139,100,-7.1
1779707658.4036,gaze_received,0,0,0,,"0.031,0.000",gaze,,,,,
1779707658.4258,frame_sent,18266,17235,1015,,"0.031,0.000",gaze,0,620,139,100,-12.3
1779707658.4367,gaze_received,0,0,0,,"0.017,0.000",gaze,,,,,
1779707658.4633,frame_sent,18220,17235,969,,"0.017,0.000",gaze,0,620,121,100,-10.9
1779707658.4698,gaze_received,0,0,0,,"0.031,0.000",gaze,,,,,
1779707658.4940,frame_sent,18266,17235,1015,,"0.031,0.000",gaze,0,620,139,100,-6.4
1779707658.5030,gaze_received,0,0,0,,"0.045,0.000",gaze,,,,,
1779707658.5243,frame_sent,18307,17235,1056,,"0.045,0.000",gaze,0,620,157,100,-8.9
1779707658.5360,gaze_received,0,0,0,,"0.069,0.000",gaze,,,,,
1779707658.5652,frame_sent,18392,17235,1141,,"0.069,0.000",gaze,0,620,188,100,-11.7
1779707658.5692,gaze_received,0,0,0,,"0.112,0.000",gaze,,,,,
1779707658.5830,frame_sent,18404,17235,1153,,"0.112,0.000",gaze,43,620,200,100,-3.9
1779707658.6023,gaze_received,0,0,0,,"0.124,0.000",gaze,,,,,
1779707658.6234,frame_sent,18409,17235,1158,,"0.124,0.000",gaze,58,620,200,100,-19.1
1779707658.6356,gaze_received,0,0,0,,"0.185,0.000",gaze,,,,,
1779707658.6679,frame_sent,18403,17235,1152,,"0.185,0.000",gaze,137,620,200,100,-12.2
1779707658.6688,gaze_received,0,0,0,,"0.210,0.000",gaze,,,,,
1779707658.6910,frame_sent,18404,17235,1153,,"0.210,0.000",gaze,169,620,200,100,-0.8
1779707658.7045,gaze_received,0,0,0,,"0.224,0.000",gaze,,,,,
1779707658.7376,gaze_received,0,0,0,,"0.224,0.000",gaze,,,,,
1779707658.7445,frame_sent,18394,17235,1143,,"0.224,0.000",gaze,187,620,200,100,-46.5
1779707658.7707,gaze_received,0,0,0,,"0.243,0.000",gaze,,,,,
1779707658.7709,frame_sent,18394,17235,1143,,"0.224,0.000",gaze,187,620,200,100,7.0
1779707658.7961,frame_sent,18397,17235,1146,,"0.243,0.000",gaze,211,620,200,100,0.2
1779707658.8038,gaze_received,0,0,0,,"0.252,0.000",gaze,,,,,
1779707658.8242,frame_sent,18392,17235,1141,,"0.252,0.000",gaze,222,620,200,100,-7.6
1779707658.8370,gaze_received,0,0,0,,"0.254,0.000",gaze,,,,,
1779707658.8651,frame_sent,18404,17235,1153,,"0.254,0.000",gaze,225,620,200,100,-12.7
1779707658.8701,gaze_received,0,0,0,,"0.254,0.000",gaze,,,,,
1779707658.8938,frame_sent,18404,17235,1153,,"0.254,0.000",gaze,225,620,200,100,-4.9
1779707658.9032,gaze_received,0,0,0,,"0.252,0.000",gaze,,,,,
1779707658.9242,frame_sent,18392,17235,1141,,"0.252,0.000",gaze,222,620,200,100,-9.4
1779707658.9363,gaze_received,0,0,0,,"0.252,0.000",gaze,,,,,
1779707658.9673,frame_sent,18392,17235,1141,,"0.252,0.000",gaze,222,620,200,100,-12.0
1779707658.9694,gaze_received,0,0,0,,"0.254,0.000",gaze,,,,,
1779707658.9864,frame_sent,18404,17235,1153,,"0.254,0.000",gaze,225,620,200,100,-2.0
1779707659.0025,gaze_received,0,0,0,,"0.267,0.000",gaze,,,,,
1779707659.0269,frame_sent,18394,17235,1143,,"0.267,0.000",gaze,242,620,200,100,-16.0
1779707659.0356,gaze_received,0,0,0,,"0.287,0.000",gaze,,,,,
1779707659.0628,frame_sent,18391,17235,1140,,"0.287,0.000",gaze,267,620,200,100,-8.5
1779707659.0687,gaze_received,0,0,0,,"0.310,0.000",gaze,,,,,
1779707659.0931,frame_sent,18396,17235,1145,,"0.310,0.000",gaze,297,620,200,100,-5.7
1779707659.1018,gaze_received,0,0,0,,"0.324,0.000",gaze,,,,,
1779707659.1231,frame_sent,18385,17235,1134,,"0.324,0.000",gaze,315,620,200,100,-8.6
1779707659.1349,gaze_received,0,0,0,,"0.341,0.000",gaze,,,,,
1779707659.1636,frame_sent,18399,17235,1148,,"0.341,0.000",gaze,336,620,200,100,-11.8
1779707659.1680,gaze_received,0,0,0,,"0.371,0.000",gaze,,,,,
1779707659.1940,frame_sent,18388,17235,1137,,"0.371,0.000",gaze,375,620,200,100,-4.3
1779707659.2011,gaze_received,0,0,0,,"0.391,0.000",gaze,,,,,
1779707659.2235,frame_sent,18393,17235,1142,,"0.391,0.000",gaze,400,620,200,100,-7.0
1779707659.2342,gaze_received,0,0,0,,"0.415,0.000",gaze,,,,,
1779707659.2632,frame_sent,18382,17235,1131,,"0.415,0.000",gaze,431,620,200,100,-10.7
1779707659.2673,gaze_received,0,0,0,,"0.415,0.000",gaze,,,,,
1779707659.2906,frame_sent,18382,17235,1131,,"0.415,0.000",gaze,431,620,200,100,-4.0
1779707659.3004,gaze_received,0,0,0,,"0.415,0.000",gaze,,,,,
1779707659.3237,frame_sent,18382,17235,1131,,"0.415,0.000",gaze,431,620,200,100,-9.8
1779707659.3335,gaze_received,0,0,0,,"0.415,0.000",gaze,,,,,
1779707659.3629,frame_sent,18382,17235,1131,,"0.415,0.000",gaze,431,620,200,100,-9.7
1779707659.3666,gaze_received,0,0,0,,"0.415,0.000",gaze,,,,,
1779707659.3890,frame_sent,18382,17235,1131,,"0.415,0.000",gaze,431,620,200,100,-3.6
1779707659.3997,gaze_received,0,0,0,,"0.415,0.000",gaze,,,,,
1779707659.4240,frame_sent,18382,17235,1131,,"0.415,0.000",gaze,431,620,200,100,-10.6
1779707659.4327,gaze_received,0,0,0,,"0.414,0.000",gaze,,,,,
1779707659.4647,frame_sent,18373,17235,1122,,"0.414,0.000",gaze,430,620,200,100,-8.6
1779707659.4658,gaze_received,0,0,0,,"0.361,0.000",gaze,,,,,
1779707659.4826,frame_sent,18386,17235,1135,,"0.361,0.000",gaze,362,620,200,100,-1.0
1779707659.4989,gaze_received,0,0,0,,"0.359,0.000",gaze,,,,,
1779707659.5239,frame_sent,18390,17235,1139,,"0.359,0.000",gaze,359,620,200,100,-16.3
1779707659.5321,gaze_received,0,0,0,,"0.388,0.000",gaze,,,,,
1779707659.5651,gaze_received,0,0,0,,"0.459,0.038",gaze,,,,,
1779707659.5660,frame_sent,18381,17235,1130,,"0.388,0.000",gaze,397,620,200,100,-8.1
1779707659.5908,frame_sent,18863,17235,1612,,"0.459,0.038",gaze,488,592,200,128,0.9
1779707659.5982,gaze_received,0,0,0,,"0.530,0.311",gaze,,,,,
1779707659.6229,frame_sent,20092,17235,2841,,"0.530,0.311",gaze,577,395,200,200,-7.4
1779707659.6314,gaze_received,0,0,0,,"0.566,0.437",gaze,,,,,
1779707659.6640,frame_sent,20875,17235,3624,,"0.566,0.437",gaze,623,305,200,200,-8.3
1779707659.6644,gaze_received,0,0,0,,"0.574,0.479",gaze,,,,,
1779707659.6904,frame_sent,20769,17235,3518,,"0.574,0.479",gaze,634,274,200,200,-0.4
1779707659.6975,gaze_received,0,0,0,,"0.574,0.479",gaze,,,,,
1779707659.7246,frame_sent,20769,17235,3518,,"0.574,0.479",gaze,634,274,200,200,-7.0
1779707659.7306,gaze_received,0,0,0,,"0.565,0.497",gaze,,,,,
1779707659.7636,frame_sent,20757,17235,3506,,"0.565,0.497",gaze,622,261,200,200,-5.9
1779707659.7637,gaze_received,0,0,0,,"0.550,0.518",gaze,,,,,
1779707659.7848,frame_sent,20993,17235,3742,,"0.550,0.518",gaze,603,247,200,200,0.0
1779707659.7968,gaze_received,0,0,0,,"0.548,0.518",gaze,,,,,
1779707659.8242,frame_sent,20944,17235,3693,,"0.548,0.518",gaze,600,247,200,200,-11.9
1779707659.8300,gaze_received,0,0,0,,"0.545,0.520",gaze,,,,,
1779707659.8635,gaze_received,0,0,0,,"0.526,0.483",gaze,,,,,
1779707659.8649,frame_sent,20830,17235,3579,,"0.545,0.520",gaze,597,245,200,200,-5.7
1779707659.8857,frame_sent,20944,17235,3693,,"0.526,0.483",gaze,572,271,200,200,1.4
1779707659.8982,gaze_received,0,0,0,,"0.524,0.479",gaze,,,,,
1779707659.9276,frame_sent,20700,17235,3449,,"0.524,0.479",gaze,570,274,200,200,-12.4
1779707659.9312,gaze_received,0,0,0,,"0.512,0.449",gaze,,,,,
1779707659.9640,frame_sent,20777,17235,3526,,"0.512,0.449",gaze,554,296,200,200,-3.5
1779707659.9643,gaze_received,0,0,0,,"0.512,0.449",gaze,,,,,
1779707659.9903,frame_sent,20777,17235,3526,,"0.512,0.449",gaze,554,296,200,200,-0.2
1779707659.9974,gaze_received,0,0,0,,"0.512,0.449",gaze,,,,,
1779707660.0234,frame_sent,20777,17235,3526,,"0.512,0.449",gaze,554,296,200,200,-7.0
1779707660.0305,gaze_received,0,0,0,,"0.512,0.449",gaze,,,,,
1779707660.0635,gaze_received,0,0,0,,"0.512,0.449",gaze,,,,,
1779707660.0636,frame_sent,20777,17235,3526,,"0.512,0.449",gaze,554,296,200,200,-7.0
1779707660.0901,frame_sent,20777,17235,3526,,"0.512,0.449",gaze,554,296,200,200,0.1
1779707660.0966,gaze_received,0,0,0,,"0.512,0.449",gaze,,,,,
1779707660.1237,frame_sent,20777,17235,3526,,"0.512,0.449",gaze,554,296,200,200,-6.5
1779707660.1297,gaze_received,0,0,0,,"0.512,0.449",gaze,,,,,
1779707660.1630,gaze_received,0,0,0,,"0.512,0.449",gaze,,,,,
1779707660.1644,frame_sent,20777,17235,3526,,"0.512,0.449",gaze,554,296,200,200,-6.0
1779707660.1905,frame_sent,20777,17235,3526,,"0.512,0.449",gaze,554,296,200,200,1.5
1779707660.1960,gaze_received,0,0,0,,"0.512,0.449",gaze,,,,,
1779707660.2235,frame_sent,20777,17235,3526,,"0.512,0.449",gaze,554,296,200,200,-5.4
1779707660.2290,gaze_received,0,0,0,,"0.512,0.449",gaze,,,,,
1779707660.2621,gaze_received,0,0,0,,"0.509,0.437",gaze,,,,,
1779707660.2633,frame_sent,20777,17235,3526,,"0.512,0.449",gaze,554,296,200,200,-5.4
1779707660.2888,frame_sent,20831,17235,3580,,"0.509,0.437",gaze,550,305,200,200,1.3
1779707660.2952,gaze_received,0,0,0,,"0.511,0.447",gaze,,,,,
1779707660.3230,frame_sent,20734,17235,3483,,"0.511,0.447",gaze,553,297,200,200,-6.3
1779707660.3283,gaze_received,0,0,0,,"0.515,0.455",gaze,,,,,
1779707660.3614,gaze_received,0,0,0,,"0.520,0.463",gaze,,,,,
1779707660.3643,frame_sent,20676,17235,3425,,"0.520,0.463",gaze,564,286,200,200,-38.3
1779707660.3910,frame_sent,20676,17235,3425,,"0.520,0.463",gaze,564,286,200,200,3.0
1779707660.3945,gaze_received,0,0,0,,"0.521,0.465",gaze,,,,,
1779707660.4242,frame_sent,20703,17235,3452,,"0.521,0.465",gaze,566,284,200,200,-3.4
1779707660.4276,gaze_received,0,0,0,,"0.521,0.465",gaze,,,,,
1779707660.4607,gaze_received,0,0,0,,"0.521,0.465",gaze,,,,,
1779707660.4648,frame_sent,20703,17235,3452,,"0.521,0.465",gaze,566,284,200,200,-36.4
1779707660.4825,frame_sent,20703,17235,3452,,"0.521,0.465",gaze,566,284,200,200,4.2
1779707660.4938,gaze_received,0,0,0,,"0.521,0.465",gaze,,,,,
1779707660.5240,frame_sent,20703,17235,3452,,"0.521,0.465",gaze,566,284,200,200,-11.2
1779707660.5269,gaze_received,0,0,0,,"0.521,0.465",gaze,,,,,
1779707660.5600,gaze_received,0,0,0,,"0.521,0.467",gaze,,,,,
1779707660.5630,frame_sent,20679,17235,3428,,"0.521,0.467",gaze,566,283,200,200,-35.9
1779707660.5902,frame_sent,20679,17235,3428,,"0.521,0.467",gaze,566,283,200,200,3.1
1779707660.5930,gaze_received,0,0,0,,"0.520,0.471",gaze,,,,,
1779707660.6240,frame_sent,20788,17235,3537,,"0.520,0.471",gaze,564,280,200,200,-2.8
1779707660.6261,gaze_received,0,0,0,,"0.519,0.473",gaze,,,,,
1779707660.6592,gaze_received,0,0,0,,"0.517,0.479",gaze,,,,,
1779707660.6646,frame_sent,20649,17235,3398,,"0.517,0.479",gaze,561,274,200,200,-35.2
1779707660.6835,frame_sent,20649,17235,3398,,"0.517,0.479",gaze,561,274,200,200,5.4
1779707660.6924,gaze_received,0,0,0,,"0.516,0.481",gaze,,,,,
1779707660.7232,frame_sent,20712,17235,3461,,"0.516,0.481",gaze,559,273,200,200,-8.8
1779707660.7254,gaze_received,0,0,0,,"0.512,0.489",gaze,,,,,
1779707660.7585,gaze_received,0,0,0,,"0.510,0.491",gaze,,,,,
1779707660.7632,frame_sent,20691,17235,3440,,"0.510,0.491",gaze,552,266,200,200,-35.2
1779707660.7880,frame_sent,20691,17235,3440,,"0.510,0.491",gaze,552,266,200,200,4.7
1779707660.7915,gaze_received,0,0,0,,"0.506,0.497",gaze,,,,,
1779707660.8244,frame_sent,20484,17235,3233,,"0.506,0.497",gaze,547,261,200,200,-3.5
1779707660.8246,gaze_received,0,0,0,,"0.504,0.499",gaze,,,,,
1779707660.8577,gaze_received,0,0,0,,"0.503,0.499",gaze,,,,,
1779707660.8644,frame_sent,20663,17235,3412,,"0.503,0.499",gaze,543,260,200,200,-33.3
1779707660.8888,frame_sent,20663,17235,3412,,"0.503,0.499",gaze,543,260,200,200,6.7
1779707660.8908,gaze_received,0,0,0,,"0.501,0.504",gaze,,,,,
1779707660.9225,frame_sent,20703,17235,3452,,"0.501,0.504",gaze,540,257,200,200,-1.9
1779707660.9239,gaze_received,0,0,0,,"0.490,0.506",gaze,,,,,
1779707660.9570,gaze_received,0,0,0,,"0.489,0.508",gaze,,,,,
1779707660.9630,frame_sent,20549,17235,3298,,"0.489,0.508",gaze,526,254,200,200,-34.4
1779707660.9891,frame_sent,20549,17235,3298,,"0.489,0.508",gaze,526,254,200,200,6.0
1779707660.9900,gaze_received,0,0,0,,"0.489,0.508",gaze,,,,,
1779707661.0232,gaze_received,0,0,0,,"0.489,0.508",gaze,,,,,
1779707661.0243,frame_sent,20549,17235,3298,,"0.489,0.508",gaze,526,254,200,200,-0.9
1779707661.0656,gaze_received,0,0,0,,"0.489,0.508",gaze,,,,,
1779707661.0775,frame_sent,20549,17235,3298,,"0.489,0.508",gaze,526,254,200,200,-41.2
1779707661.0926,frame_sent,20549,17235,3298,,"0.489,0.508",gaze,526,254,200,200,12.0
1779707661.0987,gaze_received,0,0,0,,"0.489,0.508",gaze,,,,,
1779707661.1232,frame_sent,20549,17235,3298,,"0.489,0.508",gaze,526,254,200,200,-6.0
1779707661.1318,gaze_received,0,0,0,,"0.489,0.508",gaze,,,,,
1779707661.1628,frame_sent,20549,17235,3298,,"0.489,0.508",gaze,526,254,200,200,-8.6
1779707661.1649,gaze_received,0,0,0,,"0.489,0.508",gaze,,,,,
1779707661.1893,frame_sent,20549,17235,3298,,"0.489,0.508",gaze,526,254,200,200,-2.0
1779707661.1980,gaze_received,0,0,0,,"0.485,0.512",gaze,,,,,
1779707661.2233,frame_sent,20489,17235,3238,,"0.485,0.512",gaze,521,251,200,200,-8.7
1779707661.2311,gaze_received,0,0,0,,"0.483,0.520",gaze,,,,,
1779707661.2642,gaze_received,0,0,0,,"0.480,0.528",gaze,,,,,
1779707661.2646,frame_sent,20389,17235,3138,,"0.483,0.520",gaze,518,245,200,200,-7.7
1779707661.2913,frame_sent,20599,17235,3348,,"0.480,0.528",gaze,515,240,200,200,0.5
1779707661.2973,gaze_received,0,0,0,,"0.478,0.530",gaze,,,,,
1779707661.3230,frame_sent,20485,17235,3234,,"0.478,0.530",gaze,512,238,200,200,-5.9
1779707661.3304,gaze_received,0,0,0,,"0.473,0.536",gaze,,,,,
1779707661.3627,frame_sent,20560,17235,3309,,"0.473,0.536",gaze,506,234,200,200,-7.3
1779707661.3635,gaze_received,0,0,0,,"0.461,0.542",gaze,,,,,
1779707661.3899,frame_sent,20746,17235,3495,,"0.461,0.542",gaze,490,230,200,200,-0.7
1779707661.3966,gaze_received,0,0,0,,"0.445,0.548",gaze,,,,,
1779707661.4246,frame_sent,20741,17235,3490,,"0.445,0.548",gaze,470,225,200,200,-6.6
1779707661.4297,gaze_received,0,0,0,,"0.429,0.550",gaze,,,,,
1779707661.4628,gaze_received,0,0,0,,"0.425,0.552",gaze,,,,,
1779707661.4633,frame_sent,20517,17235,3266,,"0.429,0.550",gaze,449,224,200,200,-5.1
1779707661.4879,frame_sent,20514,17235,3263,,"0.425,0.552",gaze,444,222,200,200,0.6
1779707661.4959,gaze_received,0,0,0,,"0.424,0.552",gaze,,,,,
1779707661.5229,frame_sent,20466,17235,3215,,"0.424,0.552",gaze,443,222,200,200,-7.9
1779707661.5290,gaze_received,0,0,0,,"0.409,0.552",gaze,,,,,
1779707661.5621,gaze_received,0,0,0,,"0.385,0.544",gaze,,,,,
1779707661.5645,frame_sent,20250,17235,2999,,"0.385,0.544",gaze,393,228,200,200,-39.1
1779707661.5889,frame_sent,20250,17235,2999,,"0.385,0.544",gaze,393,228,200,200,2.5
1779707661.5952,gaze_received,0,0,0,,"0.371,0.538",gaze,,,,,
1779707661.6234,frame_sent,20353,17235,3102,,"0.371,0.538",gaze,375,232,200,200,-6.2
1779707661.6283,gaze_received,0,0,0,,"0.365,0.528",gaze,,,,,
1779707661.6614,gaze_received,0,0,0,,"0.361,0.506",gaze,,,,,
1779707661.6638,frame_sent,20447,17235,3196,,"0.361,0.506",gaze,362,256,200,200,-38.0
1779707661.6888,frame_sent,20447,17235,3196,,"0.361,0.506",gaze,362,256,200,200,2.5
1779707661.6945,gaze_received,0,0,0,,"0.359,0.465",gaze,,,,,
1779707661.7231,frame_sent,20380,17235,3129,,"0.359,0.465",gaze,359,284,200,200,-5.6
1779707661.7275,gaze_received,0,0,0,,"0.368,0.413",gaze,,,,,
1779707661.7606,gaze_received,0,0,0,,"0.384,0.369",gaze,,,,,
1779707661.7648,frame_sent,20413,17235,3162,,"0.384,0.369",gaze,392,354,200,200,-37.5
1779707661.7892,frame_sent,20413,17235,3162,,"0.384,0.369",gaze,392,354,200,200,4.2
1779707661.7937,gaze_received,0,0,0,,"0.408,0.323",gaze,,,,,
1779707661.8238,frame_sent,20506,17235,3255,,"0.408,0.323",gaze,422,387,200,200,-4.5
1779707661.8268,gaze_received,0,0,0,,"0.453,0.271",gaze,,,,,
1779707661.8600,gaze_received,0,0,0,,"0.496,0.242",gaze,,,,,
1779707661.8643,frame_sent,19883,17235,2632,,"0.496,0.242",gaze,535,445,200,200,-36.1
1779707661.8888,frame_sent,19883,17235,2632,,"0.496,0.242",gaze,535,445,200,200,4.4
1779707661.8930,gaze_received,0,0,0,,"0.550,0.248",gaze,,,,,
1779707661.9233,frame_sent,20405,17235,3154,,"0.550,0.248",gaze,603,441,200,200,-4.1
1779707661.9261,gaze_received,0,0,0,,"0.610,0.315",gaze,,,,,
1779707661.9592,gaze_received,0,0,0,,"0.674,0.449",gaze,,,,,
1779707661.9649,frame_sent,20488,17235,3237,,"0.674,0.449",gaze,762,296,200,200,-35.8
1779707661.9832,frame_sent,20488,17235,3237,,"0.674,0.449",gaze,762,296,200,200,5.7
1779707661.9923,gaze_received,0,0,0,,"0.696,0.524",gaze,,,,,
1779707662.0236,frame_sent,19990,17235,2739,,"0.696,0.524",gaze,790,243,200,200,-9.0
1779707662.0254,gaze_received,0,0,0,,"0.695,0.616",gaze,,,,,
1779707662.0585,gaze_received,0,0,0,,"0.668,0.684",gaze,,,,,
1779707662.0632,frame_sent,19340,17235,2089,,"0.668,0.684",gaze,754,127,200,200,-34.8
1779707662.0900,frame_sent,19340,17235,2089,,"0.668,0.684",gaze,754,127,200,200,4.8
1779707662.0915,gaze_received,0,0,0,,"0.630,0.706",gaze,,,,,
1779707662.1239,frame_sent,19314,17235,2063,,"0.630,0.706",gaze,705,111,200,200,-1.4
1779707662.1246,gaze_received,0,0,0,,"0.550,0.712",gaze,,,,,
1779707662.1577,gaze_received,0,0,0,,"0.526,0.700",gaze,,,,,
1779707662.1647,frame_sent,19365,17235,2114,,"0.526,0.700",gaze,572,116,200,200,-33.7
1779707662.1828,frame_sent,19365,17235,2114,,"0.526,0.700",gaze,572,116,200,200,7.0
1779707662.1908,gaze_received,0,0,0,,"0.524,0.696",gaze,,,,,
1779707662.2239,gaze_received,0,0,0,,"0.523,0.678",gaze,,,,,
1779707662.2247,frame_sent,19358,17235,2107,,"0.524,0.696",gaze,570,119,200,200,-8.0
1779707662.2573,gaze_received,0,0,0,,"0.523,0.676",gaze,,,,,
1779707662.2728,frame_sent,19437,17235,2186,,"0.523,0.676",gaze,568,133,200,200,-32.5
1779707662.2879,frame_sent,19437,17235,2186,,"0.523,0.676",gaze,568,133,200,200,15.6
1779707662.2904,gaze_received,0,0,0,,"0.523,0.658",gaze,,,,,
1779707662.3235,gaze_received,0,0,0,,"0.524,0.650",gaze,,,,,
1779707662.3245,frame_sent,19874,17235,2623,,"0.523,0.658",gaze,568,146,200,200,-2.4
1779707662.3566,gaze_received,0,0,0,,"0.525,0.650",gaze,,,,,
1779707662.3628,frame_sent,20066,17235,2815,,"0.525,0.650",gaze,571,152,200,200,-32.1
1779707662.3891,frame_sent,20066,17235,2815,,"0.525,0.650",gaze,571,152,200,200,6.3
1779707662.3897,gaze_received,0,0,0,,"0.528,0.650",gaze,,,,,
1779707662.4228,gaze_received,0,0,0,,"0.541,0.664",gaze,,,,,
1779707662.4234,frame_sent,20058,17235,2807,,"0.528,0.650",gaze,575,152,200,200,-0.6
1779707662.4559,gaze_received,0,0,0,,"0.548,0.674",gaze,,,,,
1779707662.4634,frame_sent,19579,17235,2328,,"0.548,0.674",gaze,600,134,200,200,-32.4
1779707662.4890,gaze_received,0,0,0,,"0.550,0.676",gaze,,,,,
1779707662.4896,frame_sent,19579,17235,2328,,"0.548,0.674",gaze,600,134,200,200,7.6
1779707662.5220,gaze_received,0,0,0,,"0.550,0.676",gaze,,,,,
1779707662.5228,frame_sent,19409,17235,2158,,"0.550,0.676",gaze,603,133,200,200,0.7
1779707662.5551,gaze_received,0,0,0,,"0.549,0.676",gaze,,,,,
1779707662.5633,frame_sent,19422,17235,2171,,"0.549,0.676",gaze,602,133,200,200,-32.3
1779707662.5877,frame_sent,19422,17235,2171,,"0.549,0.676",gaze,602,133,200,200,8.3
1779707662.5882,gaze_received,0,0,0,,"0.546,0.678",gaze,,,,,
1779707662.6213,gaze_received,0,0,0,,"0.538,0.678",gaze,,,,,
1779707662.6227,frame_sent,19422,17235,2171,,"0.546,0.678",gaze,598,132,200,200,-0.4
1779707662.6544,gaze_received,0,0,0,,"0.528,0.646",gaze,,,,,
1779707662.6632,frame_sent,20124,17235,2873,,"0.528,0.646",gaze,575,155,200,200,-31.6
1779707662.6875,gaze_received,0,0,0,,"0.528,0.632",gaze,,,,,
1779707662.6878,frame_sent,20124,17235,2873,,"0.528,0.646",gaze,575,155,200,200,8.8
1779707662.7206,gaze_received,0,0,0,,"0.526,0.540",gaze,,,,,
1779707662.7257,frame_sent,20732,17235,3481,,"0.526,0.540",gaze,572,231,200,200,-32.7
1779707662.7537,gaze_received,0,0,0,,"0.528,0.510",gaze,,,,,
1779707662.7651,frame_sent,20544,17235,3293,,"0.528,0.510",gaze,575,253,200,200,-27.9
1779707662.7868,gaze_received,0,0,0,,"0.528,0.508",gaze,,,,,
1779707662.7907,frame_sent,20686,17235,3435,,"0.528,0.508",gaze,575,254,200,200,-21.7
1779707662.8198,gaze_received,0,0,0,,"0.528,0.495",gaze,,,,,
1779707662.8225,frame_sent,20820,17235,3569,,"0.528,0.495",gaze,575,263,200,200,-29.1
1779707662.8529,gaze_received,0,0,0,,"0.524,0.481",gaze,,,,,
1779707662.8643,frame_sent,20707,17235,3456,,"0.524,0.481",gaze,570,273,200,200,-30.4
1779707662.8860,gaze_received,0,0,0,,"0.521,0.477",gaze,,,,,
1779707662.8913,frame_sent,20695,17235,3444,,"0.521,0.477",gaze,566,276,200,200,-21.6
1779707662.9191,gaze_received,0,0,0,,"0.506,0.459",gaze,,,,,
1779707662.9242,frame_sent,20792,17235,3541,,"0.506,0.459",gaze,547,289,200,200,-27.8
1779707662.9522,gaze_received,0,0,0,,"0.497,0.455",gaze,,,,,
1779707662.9632,frame_sent,20824,17235,3573,,"0.497,0.455",gaze,536,292,200,200,-27.9
1779707662.9853,gaze_received,0,0,0,,"0.495,0.455",gaze,,,,,
1779707662.9895,frame_sent,20766,17235,3515,,"0.495,0.455",gaze,534,292,200,200,-22.1
1779707663.0184,gaze_received,0,0,0,,"0.491,0.455",gaze,,,,,
1779707663.0237,frame_sent,20752,17235,3501,,"0.491,0.455",gaze,529,292,200,200,-28.9
1779707663.0515,gaze_received,0,0,0,,"0.491,0.455",gaze,,,,,
1779707663.0634,frame_sent,20752,17235,3501,,"0.491,0.455",gaze,529,292,200,200,-27.8
1779707663.0846,gaze_received,0,0,0,,"0.491,0.455",gaze,,,,,
1779707663.0894,frame_sent,20752,17235,3501,,"0.491,0.455",gaze,529,292,200,200,-21.1
1779707663.1177,gaze_received,0,0,0,,"0.491,0.455",gaze,,,,,
1779707663.1299,frame_sent,20752,17235,3501,,"0.491,0.455",gaze,529,292,200,200,-28.2
1779707663.1508,gaze_received,0,0,0,,"0.491,0.455",gaze,,,,,
1779707663.1634,frame_sent,20752,17235,3501,,"0.491,0.455",gaze,529,292,200,200,-20.8
1779707663.1839,gaze_received,0,0,0,,"0.491,0.455",gaze,,,,,
1779707663.1898,frame_sent,20752,17235,3501,,"0.491,0.455",gaze,529,292,200,200,-20.4
1779707663.2170,gaze_received,0,0,0,,"0.491,0.455",gaze,,,,,
1779707663.2231,frame_sent,20752,17235,3501,,"0.491,0.455",gaze,529,292,200,200,-27.1
1779707663.2500,gaze_received,0,0,0,,"0.491,0.455",gaze,,,,,
1779707663.2635,frame_sent,20752,17235,3501,,"0.491,0.455",gaze,529,292,200,200,-26.8
1779707663.2831,gaze_received,0,0,0,,"0.491,0.455",gaze,,,,,
1779707663.2904,frame_sent,20752,17235,3501,,"0.491,0.455",gaze,529,292,200,200,-19.5
1779707663.3162,gaze_received,0,0,0,,"0.491,0.461",gaze,,,,,
1779707663.3243,frame_sent,20737,17235,3486,,"0.491,0.461",gaze,529,287,200,200,-25.7
1779707663.3493,gaze_received,0,0,0,,"0.491,0.465",gaze,,,,,
1779707663.3638,frame_sent,20691,17235,3440,,"0.491,0.465",gaze,529,284,200,200,-25.0
1779707663.3824,gaze_received,0,0,0,,"0.491,0.465",gaze,,,,,
1779707663.3903,frame_sent,20691,17235,3440,,"0.491,0.465",gaze,529,284,200,200,-18.5
1779707663.4155,gaze_received,0,0,0,,"0.491,0.463",gaze,,,,,
1779707663.4236,frame_sent,20628,17235,3377,,"0.491,0.463",gaze,529,286,200,200,-25.1
1779707663.4487,gaze_received,0,0,0,,"0.495,0.439",gaze,,,,,
1779707663.4645,frame_sent,20805,17235,3554,,"0.495,0.439",gaze,534,303,200,200,-25.0
1779707663.4817,gaze_received,0,0,0,,"0.497,0.433",gaze,,,,,
1779707663.4910,frame_sent,20785,17235,3534,,"0.497,0.433",gaze,536,307,200,200,-17.1
1779707663.5148,gaze_received,0,0,0,,"0.519,0.363",gaze,,,,,
1779707663.5241,frame_sent,19909,17235,2658,,"0.519,0.363",gaze,563,358,200,200,-23.8
1779707663.5480,gaze_received,0,0,0,,"0.537,0.319",gaze,,,,,
1779707663.5630,frame_sent,20294,17235,3043,,"0.537,0.319",gaze,586,390,200,200,-23.8
1779707663.5811,gaze_received,0,0,0,,"0.537,0.319",gaze,,,,,
1779707663.5900,frame_sent,20294,17235,3043,,"0.537,0.319",gaze,586,390,200,200,-18.0
1779707663.6142,gaze_received,0,0,0,,"0.553,0.373",gaze,,,,,
1779707663.6243,frame_sent,20547,17235,3296,,"0.553,0.373",gaze,607,351,200,200,-24.1
1779707663.6472,gaze_received,0,0,0,,"0.560,0.449",gaze,,,,,
1779707663.6634,frame_sent,20999,17235,3748,,"0.560,0.449",gaze,616,296,200,200,-22.9
1779707663.6803,gaze_received,0,0,0,,"0.560,0.463",gaze,,,,,
1779707663.6910,frame_sent,20839,17235,3588,,"0.560,0.463",gaze,616,286,200,200,-16.9
1779707663.7134,gaze_received,0,0,0,,"0.522,0.536",gaze,,,,,
1779707663.7246,frame_sent,20458,17235,3207,,"0.522,0.536",gaze,567,234,200,200,-22.4
1779707663.7465,gaze_received,0,0,0,,"0.480,0.526",gaze,,,,,
1779707663.7640,frame_sent,20595,17235,3344,,"0.480,0.526",gaze,515,241,200,200,-21.8
1779707663.7796,gaze_received,0,0,0,,"0.475,0.514",gaze,,,,,
1779707663.7909,frame_sent,20651,17235,3400,,"0.475,0.514",gaze,508,250,200,200,-15.6
1779707663.8127,gaze_received,0,0,0,,"0.470,0.375",gaze,,,,,
1779707663.8231,frame_sent,20444,17235,3193,,"0.470,0.375",gaze,502,349,200,200,-21.7
1779707663.8458,gaze_received,0,0,0,,"0.511,0.285",gaze,,,,,
1779707663.8634,frame_sent,20008,17235,2757,,"0.511,0.285",gaze,553,414,200,200,-22.7
1779707663.8790,gaze_received,0,0,0,,"0.516,0.283",gaze,,,,,
1779707663.8880,frame_sent,20031,17235,2780,,"0.516,0.283",gaze,559,416,200,200,-15.5
1779707663.9120,gaze_received,0,0,0,,"0.571,0.295",gaze,,,,,
1779707663.9247,frame_sent,20461,17235,3210,,"0.571,0.295",gaze,630,407,200,200,-23.9
1779707663.9451,gaze_received,0,0,0,,"0.595,0.353",gaze,,,,,
1779707663.9627,frame_sent,20597,17235,3346,,"0.595,0.353",gaze,661,365,200,200,-20.3
1779707663.9782,gaze_received,0,0,0,,"0.597,0.367",gaze,,,,,
1779707663.9899,frame_sent,20329,17235,3078,,"0.597,0.367",gaze,663,355,200,200,-15.4
1779707664.0113,gaze_received,0,0,0,,"0.590,0.423",gaze,,,,,
1779707664.0240,frame_sent,21011,17235,3760,,"0.590,0.423",gaze,654,315,200,200,-21.3
1779707664.0444,gaze_received,0,0,0,,"0.533,0.433",gaze,,,,,
1779707664.0637,frame_sent,21037,17235,3786,,"0.533,0.433",gaze,581,307,200,200,-20.3
1779707664.0775,gaze_received,0,0,0,,"0.517,0.421",gaze,,,,,
1779707664.0904,frame_sent,20727,17235,3476,,"0.517,0.421",gaze,561,316,200,200,-13.8
1779707664.1106,gaze_received,0,0,0,,"0.469,0.299",gaze,,,,,
1779707664.1226,frame_sent,20313,17235,3062,,"0.469,0.299",gaze,500,404,200,200,-20.1
1779707664.1437,gaze_received,0,0,0,,"0.472,0.202",gaze,,,,,
1779707664.1650,frame_sent,19784,17235,2533,,"0.472,0.202",gaze,504,474,200,200,-21.0
1779707664.1768,gaze_received,0,0,0,,"0.477,0.190",gaze,,,,,
1779707664.1896,frame_sent,19670,17235,2419,,"0.477,0.190",gaze,511,483,200,200,-11.7
1779707664.2099,gaze_received,0,0,0,,"0.510,0.160",gaze,,,,,
1779707664.2235,frame_sent,19468,17235,2217,,"0.510,0.160",gaze,552,504,200,200,-20.2
1779707664.2430,gaze_received,0,0,0,,"0.553,0.178",gaze,,,,,
1779707664.2630,frame_sent,19854,17235,2603,,"0.553,0.178",gaze,607,491,200,200,-19.4
1779707664.2761,gaze_received,0,0,0,,"0.562,0.188",gaze,,,,,
1779707664.2919,frame_sent,19903,17235,2652,,"0.562,0.188",gaze,618,484,200,200,-13.0
1779707664.3092,gaze_received,0,0,0,,"0.580,0.214",gaze,,,,,
1779707664.3229,frame_sent,20030,17235,2779,,"0.580,0.214",gaze,641,465,200,200,-17.1
1779707664.3423,gaze_received,0,0,0,,"0.590,0.234",gaze,,,,,
1779707664.3644,frame_sent,20298,17235,3047,,"0.590,0.234",gaze,654,451,200,200,-19.2
1779707664.3754,gaze_received,0,0,0,,"0.590,0.234",gaze,,,,,
1779707664.3889,frame_sent,20298,17235,3047,,"0.590,0.234",gaze,654,451,200,200,-10.9
1779707664.4085,gaze_received,0,0,0,,"0.590,0.234",gaze,,,,,
1779707664.4238,frame_sent,20298,17235,3047,,"0.590,0.234",gaze,654,451,200,200,-19.5
1779707664.4416,gaze_received,0,0,0,,"0.590,0.234",gaze,,,,,
1779707664.4646,frame_sent,20298,17235,3047,,"0.590,0.234",gaze,654,451,200,200,-17.7
1779707664.4747,gaze_received,0,0,0,,"0.590,0.234",gaze,,,,,
1779707664.4825,frame_sent,20298,17235,3047,,"0.590,0.234",gaze,654,451,200,200,-10.0
1779707664.5078,gaze_received,0,0,0,,"0.590,0.234",gaze,,,,,
1779707664.5227,frame_sent,20298,17235,3047,,"0.590,0.234",gaze,654,451,200,200,-25.3
1779707664.5409,gaze_received,0,0,0,,"0.590,0.234",gaze,,,,,
1779707664.5641,frame_sent,20298,17235,3047,,"0.590,0.234",gaze,654,451,200,200,-18.1
1779707664.5740,gaze_received,0,0,0,,"0.590,0.234",gaze,,,,,
1779707664.5899,frame_sent,20298,17235,3047,,"0.590,0.234",gaze,654,451,200,200,-9.8
1779707664.6071,gaze_received,0,0,0,,"0.590,0.234",gaze,,,,,
1779707664.6229,frame_sent,20298,17235,3047,,"0.590,0.234",gaze,654,451,200,200,-17.1
1779707664.6401,gaze_received,0,0,0,,"0.590,0.234",gaze,,,,,
1779707664.6732,gaze_received,0,0,0,,"0.590,0.234",gaze,,,,,
1779707664.6762,frame_sent,20298,17235,3047,,"0.590,0.234",gaze,654,451,200,200,-50.3
1779707664.6918,frame_sent,20298,17235,3047,,"0.590,0.234",gaze,654,451,200,200,3.0
1779707664.7063,gaze_received,0,0,0,,"0.590,0.234",gaze,,,,,
1779707664.7249,frame_sent,20298,17235,3047,,"0.590,0.234",gaze,654,451,200,200,-14.4
1779707664.7394,gaze_received,0,0,0,,"0.590,0.234",gaze,,,,,
1779707664.7638,frame_sent,20298,17235,3047,,"0.590,0.234",gaze,654,451,200,200,-14.4
1779707664.7725,gaze_received,0,0,0,,"0.590,0.234",gaze,,,,,
1779707664.7901,frame_sent,20298,17235,3047,,"0.590,0.234",gaze,654,451,200,200,-8.7
1779707664.8056,gaze_received,0,0,0,,"0.590,0.234",gaze,,,,,
1779707664.8240,frame_sent,20298,17235,3047,,"0.590,0.234",gaze,654,451,200,200,-15.3
1779707664.8387,gaze_received,0,0,0,,"0.590,0.236",gaze,,,,,
1779707664.8649,frame_sent,20324,17235,3073,,"0.590,0.236",gaze,654,449,200,200,-14.6
1779707664.8718,gaze_received,0,0,0,,"0.589,0.236",gaze,,,,,
1779707664.8832,frame_sent,20307,17235,3056,,"0.589,0.236",gaze,653,449,200,200,-6.8
1779707664.9049,gaze_received,0,0,0,,"0.586,0.242",gaze,,,,,
1779707664.9233,frame_sent,20239,17235,2988,,"0.586,0.242",gaze,649,445,200,200,-21.6
1779707664.9380,gaze_received,0,0,0,,"0.585,0.242",gaze,,,,,
1779707664.9664,frame_sent,20277,17235,3026,,"0.585,0.242",gaze,648,445,200,200,-14.6
1779707664.9711,gaze_received,0,0,0,,"0.584,0.244",gaze,,,,,
1779707664.9920,frame_sent,20389,17235,3138,,"0.584,0.244",gaze,646,444,200,200,-4.5
1779707665.0042,gaze_received,0,0,0,,"0.583,0.248",gaze,,,,,
1779707665.0242,frame_sent,20407,17235,3156,,"0.583,0.248",gaze,645,441,200,200,-12.1
1779707665.0373,gaze_received,0,0,0,,"0.581,0.259",gaze,,,,,
1779707665.0651,frame_sent,20394,17235,3143,,"0.581,0.259",gaze,643,433,200,200,-13.1
1779707665.0704,gaze_received,0,0,0,,"0.580,0.267",gaze,,,,,
1779707665.0828,frame_sent,20317,17235,3066,,"0.580,0.267",gaze,641,427,200,200,-5.3
1779707665.1035,gaze_received,0,0,0,,"0.580,0.271",gaze,,,,,
1779707665.1241,frame_sent,20341,17235,3090,,"0.580,0.271",gaze,641,424,200,200,-20.6
1779707665.1366,gaze_received,0,0,0,,"0.580,0.271",gaze,,,,,
1779707665.1634,frame_sent,20341,17235,3090,,"0.580,0.271",gaze,641,424,200,200,-12.4
1779707665.1697,gaze_received,0,0,0,,"0.580,0.271",gaze,,,,,
1779707665.1910,frame_sent,20341,17235,3090,,"0.580,0.271",gaze,641,424,200,200,-6.2
1779707665.2028,gaze_received,0,0,0,,"0.580,0.271",gaze,,,,,
1779707665.2306,frame_sent,20341,17235,3090,,"0.580,0.271",gaze,641,424,200,200,-11.7
1779707665.2359,gaze_received,0,0,0,,"0.580,0.271",gaze,,,,,
1779707665.2647,frame_sent,20341,17235,3090,,"0.580,0.271",gaze,641,424,200,200,-5.2
1779707665.2690,gaze_received,0,0,0,,"0.580,0.271",gaze,,,,,
1779707665.2906,frame_sent,20341,17235,3090,,"0.580,0.271",gaze,641,424,200,200,-4.2
1779707665.3021,gaze_received,0,0,0,,"0.580,0.271",gaze,,,,,
1779707665.3235,frame_sent,20341,17235,3090,,"0.580,0.271",gaze,641,424,200,200,-11.4
1779707665.3352,gaze_received,0,0,0,,"0.580,0.271",gaze,,,,,
1779707665.3648,frame_sent,20341,17235,3090,,"0.580,0.271",gaze,641,424,200,200,-11.6
1779707665.3683,gaze_received,0,0,0,,"0.580,0.271",gaze,,,,,
1779707665.3913,frame_sent,20341,17235,3090,,"0.580,0.271",gaze,641,424,200,200,-3.4
1779707665.4014,gaze_received,0,0,0,,"0.580,0.271",gaze,,,,,
1779707665.4241,frame_sent,20341,17235,3090,,"0.580,0.271",gaze,641,424,200,200,-10.0
1779707665.4345,gaze_received,0,0,0,,"0.580,0.271",gaze,,,,,
1779707665.4648,frame_sent,20341,17235,3090,,"0.580,0.271",gaze,641,424,200,200,-10.2
1779707665.4676,gaze_received,0,0,0,,"0.579,0.277",gaze,,,,,
1779707665.4828,frame_sent,20403,17235,3152,,"0.579,0.277",gaze,640,420,200,200,-2.7
1779707665.5007,gaze_received,0,0,0,,"0.579,0.279",gaze,,,,,
1779707665.5232,frame_sent,20346,17235,3095,,"0.579,0.279",gaze,640,418,200,200,-17.7
1779707665.5338,gaze_received,0,0,0,,"0.579,0.279",gaze,,,,,
1779707665.5635,frame_sent,20346,17235,3095,,"0.579,0.279",gaze,640,418,200,200,-10.4
1779707665.5669,gaze_received,0,0,0,,"0.579,0.279",gaze,,,,,
1779707665.5916,frame_sent,20346,17235,3095,,"0.579,0.279",gaze,640,418,200,200,-3.3
1779707665.6000,gaze_received,0,0,0,,"0.579,0.279",gaze,,,,,
1779707665.6309,frame_sent,20346,17235,3095,,"0.579,0.279",gaze,640,418,200,200,-8.3
1779707665.6330,gaze_received,0,0,0,,"0.579,0.279",gaze,,,,,
1779707665.6645,frame_sent,20346,17235,3095,,"0.579,0.279",gaze,640,418,200,200,-2.1
1779707665.6661,gaze_received,0,0,0,,"0.579,0.279",gaze,,,,,
1779707665.6827,frame_sent,20346,17235,3095,,"0.579,0.279",gaze,640,418,200,200,-1.5
1779707665.6992,gaze_received,0,0,0,,"0.577,0.289",gaze,,,,,
1779707665.7231,frame_sent,20654,17235,3403,,"0.577,0.289",gaze,638,411,200,200,-16.4
1779707665.7323,gaze_received,0,0,0,,"0.573,0.309",gaze,,,,,
1779707665.7630,frame_sent,20468,17235,3217,,"0.573,0.309",gaze,632,397,200,200,-9.2
1779707665.7654,gaze_received,0,0,0,,"0.570,0.331",gaze,,,,,
1779707665.7893,frame_sent,20593,17235,3342,,"0.570,0.331",gaze,629,381,200,200,-2.3
1779707665.7985,gaze_received,0,0,0,,"0.569,0.345",gaze,,,,,
1779707665.8237,frame_sent,20527,17235,3276,,"0.569,0.345",gaze,627,371,200,200,-9.1
1779707665.8317,gaze_received,0,0,0,,"0.568,0.363",gaze,,,,,
1779707665.8648,gaze_received,0,0,0,,"0.568,0.363",gaze,,,,,
1779707665.8744,frame_sent,20276,17235,3025,,"0.568,0.363",gaze,626,358,200,200,-41.0
1779707665.8899,frame_sent,20276,17235,3025,,"0.568,0.363",gaze,626,358,200,200,9.7
1779707665.8979,gaze_received,0,0,0,,"0.567,0.377",gaze,,,,,
1779707665.9230,frame_sent,20557,17235,3306,,"0.567,0.377",gaze,625,348,200,200,-7.8
1779707665.9309,gaze_received,0,0,0,,"0.565,0.393",gaze,,,,,
1779707665.9640,gaze_received,0,0,0,,"0.565,0.393",gaze,,,,,
1779707665.9643,frame_sent,20963,17235,3712,,"0.565,0.393",gaze,622,336,200,200,-7.8
1779707665.9904,frame_sent,20963,17235,3712,,"0.565,0.393",gaze,622,336,200,200,0.4
1779707665.9971,gaze_received,0,0,0,,"0.565,0.393",gaze,,,,,
1779707666.0232,frame_sent,20963,17235,3712,,"0.565,0.393",gaze,622,336,200,200,-6.6
1779707666.0302,gaze_received,0,0,0,,"0.565,0.393",gaze,,,,,
1779707666.0633,gaze_received,0,0,0,,"0.565,0.393",gaze,,,,,
1779707666.0646,frame_sent,20963,17235,3712,,"0.565,0.393",gaze,622,336,200,200,-7.0
1779707666.0906,frame_sent,20963,17235,3712,,"0.565,0.393",gaze,622,336,200,200,1.3
1779707666.0964,gaze_received,0,0,0,,"0.565,0.393",gaze,,,,,
1779707666.1227,frame_sent,20963,17235,3712,,"0.565,0.393",gaze,622,336,200,200,-5.7
1779707666.1295,gaze_received,0,0,0,,"0.565,0.393",gaze,,,,,
1779707666.1626,gaze_received,0,0,0,,"0.565,0.393",gaze,,,,,
1779707666.1652,frame_sent,20963,17235,3712,,"0.565,0.393",gaze,622,336,200,200,-39.7
1779707666.1829,frame_sent,20963,17235,3712,,"0.565,0.393",gaze,622,336,200,200,2.7
1779707666.1957,gaze_received,0,0,0,,"0.565,0.393",gaze,,,,,
1779707666.2240,frame_sent,20963,17235,3712,,"0.565,0.393",gaze,622,336,200,200,-12.7
1779707666.2288,gaze_received,0,0,0,,"0.565,0.393",gaze,,,,,
1779707666.2620,gaze_received,0,0,0,,"0.565,0.393",gaze,,,,,
1779707666.2640,frame_sent,20963,17235,3712,,"0.565,0.393",gaze,622,336,200,200,-37.9
1779707666.2913,frame_sent,20963,17235,3712,,"0.565,0.393",gaze,622,336,200,200,2.1
1779707666.2950,gaze_received,0,0,0,,"0.565,0.393",gaze,,,,,
1779707666.3281,gaze_received,0,0,0,,"0.565,0.393",gaze,,,,,
1779707666.3285,frame_sent,20963,17235,3712,,"0.565,0.393",gaze,622,336,200,200,-3.7
1779707666.3612,gaze_received,0,0,0,,"0.565,0.393",gaze,,,,,
1779707666.3717,frame_sent,20763,17206,3541,,"0.565,0.393",gaze,622,336,200,200,-32.7
1779707666.3869,frame_sent,20852,17295,3541,,"0.565,0.393",gaze,622,336,200,200,10.5
1779707666.3943,gaze_received,0,0,0,,"0.565,0.393",gaze,,,,,
1779707666.4238,frame_sent,20785,17011,3758,,"0.565,0.393",gaze,622,336,200,200,-7.2
1779707666.4274,gaze_received,0,0,0,,"0.565,0.393",gaze,,,,,
1779707666.4604,gaze_received,0,0,0,,"0.565,0.393",gaze,,,,,
1779707666.4641,frame_sent,20858,17197,3645,,"0.565,0.393",gaze,622,336,200,200,-36.6
1779707666.4906,frame_sent,20858,17197,3645,,"0.565,0.393",gaze,622,336,200,200,3.7
1779707666.4935,gaze_received,0,0,0,,"0.565,0.393",gaze,,,,,
1779707666.5245,frame_sent,20858,17197,3645,,"0.565,0.393",gaze,622,336,200,200,-2.8
1779707666.5266,gaze_received,0,0,0,,"0.565,0.393",gaze,,,,,
1779707666.5598,gaze_received,0,0,0,,"0.565,0.393",gaze,,,,,
1779707666.5638,frame_sent,20858,17197,3645,,"0.565,0.393",gaze,622,336,200,200,-35.2
1779707666.5898,frame_sent,20858,17197,3645,,"0.565,0.393",gaze,622,336,200,200,4.1
1779707666.5928,gaze_received,0,0,0,,"0.565,0.393",gaze,,,,,
1779707666.6235,frame_sent,20858,17197,3645,,"0.565,0.393",gaze,622,336,200,200,-2.9
1779707666.6259,gaze_received,0,0,0,,"0.565,0.393",gaze,,,,,
1779707666.6590,gaze_received,0,0,0,,"0.565,0.393",gaze,,,,,
1779707666.6651,frame_sent,20858,17197,3645,,"0.565,0.393",gaze,622,336,200,200,-35.5
1779707666.6831,frame_sent,20858,17197,3645,,"0.565,0.393",gaze,622,336,200,200,6.2
1779707666.6922,gaze_received,0,0,0,,"0.565,0.393",gaze,,,,,
1779707666.7226,frame_sent,20858,17197,3645,,"0.565,0.393",gaze,622,336,200,200,-8.9
1779707666.7252,gaze_received,0,0,0,,"0.565,0.393",gaze,,,,,
1779707666.7583,gaze_received,0,0,0,,"0.565,0.393",gaze,,,,,
1779707666.7651,frame_sent,20858,17197,3645,,"0.565,0.393",gaze,622,336,200,200,-35.6
1779707666.7900,frame_sent,20858,17197,3645,,"0.565,0.393",gaze,622,336,200,200,6.9
1779707666.7914,gaze_received,0,0,0,,"0.565,0.393",gaze,,,,,
1779707666.8233,frame_sent,20858,17197,3645,,"0.565,0.393",gaze,622,336,200,200,-1.3
1779707666.8244,gaze_received,0,0,0,,"0.565,0.393",gaze,,,,,
1779707666.8575,gaze_received,0,0,0,,"0.565,0.393",gaze,,,,,
1779707666.8647,frame_sent,20858,17197,3645,,"0.565,0.393",gaze,622,336,200,200,-34.2
1779707666.8906,gaze_received,0,0,0,,"0.565,0.393",gaze,,,,,
1779707666.8909,frame_sent,20858,17197,3645,,"0.565,0.393",gaze,622,336,200,200,7.2
1779707666.9237,gaze_received,0,0,0,,"0.565,0.393",gaze,,,,,
1779707666.9249,frame_sent,20858,17197,3645,,"0.565,0.393",gaze,622,336,200,200,0.3
1779707666.9568,gaze_received,0,0,0,,"0.565,0.393",gaze,,,,,
1779707666.9648,frame_sent,20858,17197,3645,,"0.565,0.393",gaze,622,336,200,200,-31.8
1779707666.9835,frame_sent,20858,17197,3645,,"0.565,0.393",gaze,622,336,200,200,8.0
1779707666.9899,gaze_received,0,0,0,,"0.565,0.393",gaze,,,,,
1779707667.0230,gaze_received,0,0,0,,"0.565,0.393",gaze,,,,,
1779707667.0244,frame_sent,20858,17197,3645,,"0.565,0.393",gaze,622,336,200,200,-6.3
1779707667.0561,gaze_received,0,0,0,,"0.565,0.393",gaze,,,,,
1779707667.0707,frame_sent,20860,17199,3645,,"0.565,0.393",gaze,622,336,200,200,-31.7
1779707667.0858,frame_sent,20860,17199,3645,,"0.565,0.393",gaze,622,336,200,200,14.7
1779707667.0893,gaze_received,0,0,0,,"0.565,0.393",gaze,,,,,
1779707667.1223,gaze_received,0,0,0,,"0.565,0.393",gaze,,,,,
1779707667.1238,frame_sent,20860,17199,3645,,"0.565,0.393",gaze,622,336,200,200,-3.3
1779707667.1554,gaze_received,0,0,0,,"0.565,0.393",gaze,,,,,
1779707667.1647,frame_sent,20860,17199,3645,,"0.565,0.393",gaze,622,336,200,200,-31.6
1779707667.1833,frame_sent,20860,17199,3645,,"0.565,0.393",gaze,622,336,200,200,9.4
1779707667.1885,gaze_received,0,0,0,,"0.565,0.393",gaze,,,,,
1779707667.2216,gaze_received,0,0,0,,"0.565,0.393",gaze,,,,,
1779707667.2231,frame_sent,20860,17199,3645,,"0.565,0.393",gaze,622,336,200,200,-5.1
1779707667.2547,gaze_received,0,0,0,,"0.565,0.393",gaze,,,,,
1779707667.2632,frame_sent,20860,17199,3645,,"0.565,0.393",gaze,622,336,200,200,-31.5
1779707667.2878,gaze_received,0,0,0,,"0.564,0.391",gaze,,,,,
1779707667.2901,frame_sent,20620,17199,3405,,"0.564,0.391",gaze,621,338,200,200,-24.5
1779707667.3209,gaze_received,0,0,0,,"0.552,0.377",gaze,,,,,
1779707667.3247,frame_sent,20664,17199,3449,,"0.552,0.377",gaze,605,348,200,200,-30.7
1779707667.3540,gaze_received,0,0,0,,"0.539,0.373",gaze,,,,,
1779707667.3627,frame_sent,20663,17199,3448,,"0.539,0.373",gaze,589,351,200,200,-29.1
1779707667.3870,gaze_received,0,0,0,,"0.522,0.387",gaze,,,,,
1779707667.3899,frame_sent,20562,17199,3347,,"0.522,0.387",gaze,567,341,200,200,-24.2
1779707667.4201,gaze_received,0,0,0,,"0.475,0.435",gaze,,,,,
1779707667.4249,frame_sent,20941,17199,3726,,"0.475,0.435",gaze,508,306,200,200,-30.1
1779707667.4532,gaze_received,0,0,0,,"0.431,0.475",gaze,,,,,
1779707667.4650,frame_sent,20839,17199,3624,,"0.431,0.475",gaze,452,277,200,200,-28.2
1779707667.4827,frame_sent,20839,17199,3624,,"0.431,0.475",gaze,452,277,200,200,11.9
1779707667.4863,gaze_received,0,0,0,,"0.428,0.481",gaze,,,,,
1779707667.5194,gaze_received,0,0,0,,"0.424,0.485",gaze,,,,,
1779707667.5231,frame_sent,20490,17199,3275,,"0.424,0.485",gaze,443,270,200,200,-36.6
1779707667.5525,gaze_received,0,0,0,,"0.424,0.485",gaze,,,,,
1779707667.5632,frame_sent,20490,17199,3275,,"0.424,0.485",gaze,443,270,200,200,-29.3
1779707667.5856,gaze_received,0,0,0,,"0.424,0.485",gaze,,,,,
1779707667.5905,frame_sent,20490,17199,3275,,"0.424,0.485",gaze,443,270,200,200,-22.3
1779707667.6187,gaze_received,0,0,0,,"0.424,0.485",gaze,,,,,
1779707667.6294,frame_sent,20490,17199,3275,,"0.424,0.485",gaze,443,270,200,200,-28.1
1779707667.6518,gaze_received,0,0,0,,"0.429,0.489",gaze,,,,,
1779707667.6645,frame_sent,20711,17199,3496,,"0.429,0.489",gaze,449,267,200,200,-22.3
1779707667.6848,gaze_received,0,0,0,,"0.429,0.491",gaze,,,,,
1779707667.6893,frame_sent,20721,17199,3506,,"0.429,0.491",gaze,449,266,200,200,-20.2
1779707667.7179,gaze_received,0,0,0,,"0.431,0.493",gaze,,,,,
1779707667.7242,frame_sent,20803,17199,3588,,"0.431,0.493",gaze,452,264,200,200,-28.5
1779707667.7510,gaze_received,0,0,0,,"0.431,0.493",gaze,,,,,
1779707667.7646,frame_sent,20803,17199,3588,,"0.431,0.493",gaze,452,264,200,200,-26.8
1779707667.7829,frame_sent,20803,17199,3588,,"0.431,0.493",gaze,452,264,200,200,13.7
1779707667.7842,gaze_received,0,0,0,,"0.431,0.493",gaze,,,,,
1779707667.8173,gaze_received,0,0,0,,"0.397,0.548",gaze,,,,,
1779707667.8238,frame_sent,20323,17199,3108,,"0.397,0.548",gaze,408,225,200,200,-34.3
1779707667.8504,gaze_received,0,0,0,,"0.326,0.610",gaze,,,,,
1779707667.8652,frame_sent,19825,17199,2610,,"0.326,0.610",gaze,317,181,200,200,-26.5
1779707667.8835,gaze_received,0,0,0,,"0.313,0.618",gaze,,,,,
1779707667.8842,frame_sent,19825,17199,2610,,"0.326,0.610",gaze,317,181,200,200,14.9
1779707667.9166,gaze_received,0,0,0,,"0.246,0.654",gaze,,,,,
1779707667.9228,frame_sent,19468,17199,2253,,"0.246,0.654",gaze,215,149,200,200,-32.3
1779707667.9497,gaze_received,0,0,0,,"0.243,0.654",gaze,,,,,
1779707667.9650,frame_sent,19467,17199,2252,,"0.243,0.654",gaze,211,149,200,200,-26.8
1779707667.9828,gaze_received,0,0,0,,"0.243,0.654",gaze,,,,,
1779707667.9830,frame_sent,19467,17199,2252,,"0.243,0.654",gaze,211,149,200,200,15.4
1779707668.0159,gaze_received,0,0,0,,"0.243,0.654",gaze,,,,,
1779707668.0238,frame_sent,19465,17197,2252,,"0.243,0.654",gaze,211,149,200,200,-32.9
1779707668.0490,gaze_received,0,0,0,,"0.243,0.654",gaze,,,,,
1779707668.0651,frame_sent,19465,17197,2252,,"0.243,0.654",gaze,211,149,200,200,-25.1
1779707668.0820,gaze_received,0,0,0,,"0.243,0.654",gaze,,,,,
1779707668.0830,frame_sent,19465,17197,2252,,"0.243,0.654",gaze,211,149,200,200,16.2
1779707668.1152,gaze_received,0,0,0,,"0.243,0.654",gaze,,,,,
1779707668.1304,frame_sent,19465,17197,2252,,"0.243,0.654",gaze,211,149,200,200,-32.2
1779707668.1483,gaze_received,0,0,0,,"0.243,0.654",gaze,,,,,
1779707668.1632,frame_sent,19465,17197,2252,,"0.243,0.654",gaze,211,149,200,200,-17.9
1779707668.1814,gaze_received,0,0,0,,"0.244,0.654",gaze,,,,,
1779707668.1900,frame_sent,19461,17197,2248,,"0.244,0.654",gaze,212,149,200,200,-18.1
1779707668.2145,gaze_received,0,0,0,,"0.287,0.650",gaze,,,,,
1779707668.2245,frame_sent,19488,17197,2275,,"0.287,0.650",gaze,267,152,200,200,-24.4
1779707668.2563,gaze_received,0,0,0,,"0.287,0.650",gaze,,,,,
1779707668.2709,frame_sent,19488,17197,2275,,"0.287,0.650",gaze,267,152,200,200,-31.7
1779707668.2864,frame_sent,19488,17197,2275,,"0.287,0.650",gaze,267,152,200,200,14.7
1779707668.2893,gaze_received,0,0,0,,"0.290,0.658",gaze,,,,,
1779707668.3224,gaze_received,0,0,0,,"0.364,0.726",gaze,,,,,
1779707668.3232,frame_sent,19474,17197,2261,,"0.290,0.658",gaze,271,146,200,200,-2.8
1779707668.3555,gaze_received,0,0,0,,"0.431,0.734",gaze,,,,,
1779707668.3631,frame_sent,19260,17197,2047,,"0.431,0.734",gaze,452,91,200,200,-32.2
1779707668.3883,frame_sent,19260,17197,2047,,"0.431,0.734",gaze,452,91,200,200,7.6
1779707668.3885,gaze_received,0,0,0,,"0.473,0.732",gaze,,,,,
1779707668.4217,gaze_received,0,0,0,,"0.537,0.738",gaze,,,,,
1779707668.4242,frame_sent,19225,17197,2012,,"0.537,0.738",gaze,586,88,200,200,-33.3
1779707668.4548,gaze_received,0,0,0,,"0.572,0.759",gaze,,,,,
1779707668.4643,frame_sent,19156,17197,1943,,"0.572,0.759",gaze,631,73,200,200,-30.5
1779707668.4829,frame_sent,19156,17197,1943,,"0.572,0.759",gaze,631,73,200,200,9.7
1779707668.4878,gaze_received,0,0,0,,"0.574,0.759",gaze,,,,,
1779707668.5210,gaze_received,0,0,0,,"0.566,0.791",gaze,,,,,
1779707668.5245,frame_sent,19140,17197,1927,,"0.566,0.791",gaze,623,50,200,200,-38.0
1779707668.5540,gaze_received,0,0,0,,"0.483,0.891",gaze,,,,,
1779707668.5644,frame_sent,18957,17197,1744,,"0.483,0.891",gaze,518,0,200,178,-29.4
1779707668.5826,frame_sent,18957,17197,1744,,"0.483,0.891",gaze,518,0,200,178,10.5
1779707668.5871,gaze_received,0,0,0,,"0.451,0.917",gaze,,,,,
1779707668.6202,gaze_received,0,0,0,,"0.215,1.000",gaze,,,,,
1779707668.6240,frame_sent,18473,17197,1260,,"0.215,1.000",gaze,175,0,200,100,-37.5
1779707668.6533,gaze_received,0,0,0,,"0.070,1.000",gaze,,,,,
1779707668.6632,frame_sent,18455,17197,1242,,"0.070,1.000",gaze,0,0,189,100,-29.2
1779707668.6864,gaze_received,0,0,0,,"0.052,1.000",gaze,,,,,
1779707668.6890,frame_sent,18388,17197,1175,,"0.052,1.000",gaze,0,0,166,100,-23.1
1779707668.7195,gaze_received,0,0,0,,"0.004,1.000",gaze,,,,,
1779707668.7258,frame_sent,18190,17197,977,,"0.004,1.000",gaze,0,0,105,100,-30.5
1779707668.7526,gaze_received,0,0,0,,"0.000,1.000",gaze,,,,,
1779707668.7647,frame_sent,18184,17199,969,,"0.000,1.000",gaze,0,0,100,100,-26.7
1779707668.7857,gaze_received,0,0,0,,"0.000,1.000",gaze,,,,,
1779707668.7935,frame_sent,18184,17199,969,,"0.000,1.000",gaze,0,0,100,100,-20.9
1779707668.8188,gaze_received,0,0,0,,"0.000,1.000",gaze,,,,,
1779707668.8235,frame_sent,18184,17199,969,,"0.000,1.000",gaze,0,0,100,100,-25.2
1779707668.8518,gaze_received,0,0,0,,"0.000,1.000",gaze,,,,,
1779707668.8643,frame_sent,18184,17199,969,,"0.000,1.000",gaze,0,0,100,100,-28.3
1779707668.8849,gaze_received,0,0,0,,"0.000,1.000",gaze,,,,,
1779707668.8904,frame_sent,18184,17199,969,,"0.000,1.000",gaze,0,0,100,100,-20.6
1779707668.9181,gaze_received,0,0,0,,"0.000,1.000",gaze,,,,,
1779707668.9243,frame_sent,18182,17197,969,,"0.000,1.000",gaze,0,0,100,100,-27.6
1779707668.9511,gaze_received,0,0,0,,"0.000,1.000",gaze,,,,,
1779707668.9637,frame_sent,18182,17197,969,,"0.000,1.000",gaze,0,0,100,100,-26.8
1779707668.9843,gaze_received,0,0,0,,"0.000,1.000",gaze,,,,,
1779707668.9911,frame_sent,18182,17197,969,,"0.000,1.000",gaze,0,0,100,100,-20.4
1779707669.0174,gaze_received,0,0,0,,"0.000,1.000",gaze,,,,,
1779707669.0247,frame_sent,18182,17197,969,,"0.000,1.000",gaze,0,0,100,100,-26.2
1779707669.0505,gaze_received,0,0,0,,"0.000,1.000",gaze,,,,,
1779707669.0628,frame_sent,18184,17199,969,,"0.000,1.000",gaze,0,0,100,100,-25.6
1779707669.0837,gaze_received,0,0,0,,"0.000,1.000",gaze,,,,,
1779707669.0888,frame_sent,18184,17199,969,,"0.000,1.000",gaze,0,0,100,100,-20.8
1779707669.1167,gaze_received,0,0,0,,"0.000,1.000",gaze,,,,,
1779707669.1246,frame_sent,18184,17199,969,,"0.000,1.000",gaze,0,0,100,100,-27.8
1779707669.1498,gaze_received,0,0,0,,"0.000,1.000",gaze,,,,,
1779707669.1631,frame_sent,18184,17199,969,,"0.000,1.000",gaze,0,0,100,100,-25.2
1779707669.1829,gaze_received,0,0,0,,"0.000,1.000",gaze,,,,,
1779707669.1896,frame_sent,18182,17197,969,,"0.000,1.000",gaze,0,0,100,100,-19.8
1779707669.2160,gaze_received,0,0,0,,"0.000,1.000",gaze,,,,,
1779707669.2243,frame_sent,18182,17197,969,,"0.000,1.000",gaze,0,0,100,100,-26.4
1779707669.2492,gaze_received,0,0,0,,"0.000,1.000",gaze,,,,,
1779707669.2641,frame_sent,18182,17197,969,,"0.000,1.000",gaze,0,0,100,100,-24.8
1779707669.2822,gaze_received,0,0,0,,"0.000,1.000",gaze,,,,,
1779707669.2895,frame_sent,18182,17197,969,,"0.000,1.000",gaze,0,0,100,100,-18.1
1779707669.3153,gaze_received,0,0,0,,"0.000,1.000",gaze,,,,,
1779707669.3229,frame_sent,18182,17197,969,,"0.000,1.000",gaze,0,0,100,100,-25.8
1779707669.3484,gaze_received,0,0,0,,"0.000,1.000",gaze,,,,,
1779707669.3650,frame_sent,18182,17197,969,,"0.000,1.000",gaze,0,0,100,100,-25.4
1779707669.3815,gaze_received,0,0,0,,"0.000,1.000",gaze,,,,,
1779707669.3903,frame_sent,18182,17197,969,,"0.000,1.000",gaze,0,0,100,100,-16.4
1779707669.4146,gaze_received,0,0,0,,"0.000,1.000",gaze,,,,,
1779707669.4258,frame_sent,18182,17197,969,,"0.000,1.000",gaze,0,0,100,100,-24.2
1779707669.4477,gaze_received,0,0,0,,"0.041,1.000",gaze,,,,,
1779707669.4656,frame_sent,18336,17197,1123,,"0.041,1.000",gaze,0,0,152,100,-21.8
1779707669.4808,gaze_received,0,0,0,,"0.134,1.000",gaze,,,,,
1779707669.4979,frame_sent,18484,17197,1271,,"0.134,1.000",gaze,71,0,200,100,-15.1
1779707669.5139,gaze_received,0,0,0,,"0.138,1.000",gaze,,,,,
1779707669.5257,frame_sent,18499,17197,1286,,"0.138,1.000",gaze,76,0,200,100,-15.9
1779707669.5470,gaze_received,0,0,0,,"0.477,1.000",gaze,,,,,
1779707669.5631,frame_sent,18441,17197,1228,,"0.477,1.000",gaze,511,0,200,100,-21.1
1779707669.5800,gaze_received,0,0,0,,"0.508,1.000",gaze,,,,,
1779707669.5923,frame_sent,18419,17197,1206,,"0.508,1.000",gaze,549,0,200,100,-16.9
1779707669.6131,gaze_received,0,0,0,,"0.627,1.000",gaze,,,,,
1779707669.6246,frame_sent,18410,17197,1197,,"0.627,1.000",gaze,702,0,200,100,-20.8
1779707669.6462,gaze_received,0,0,0,,"0.727,1.000",gaze,,,,,
1779707669.6649,frame_sent,18423,17197,1210,,"0.727,1.000",gaze,830,0,200,100,-21.6
1779707669.6793,gaze_received,0,0,0,,"0.739,1.000",gaze,,,,,
1779707669.6838,frame_sent,18417,17197,1204,,"0.739,1.000",gaze,845,0,200,100,-14.4
1779707669.7124,gaze_received,0,0,0,,"0.788,0.995",gaze,,,,,
1779707669.7244,frame_sent,18413,17197,1200,,"0.788,0.995",gaze,908,0,200,103,-28.5
1779707669.7455,gaze_received,0,0,0,,"0.790,0.993",gaze,,,,,
1779707669.7631,frame_sent,18420,17197,1207,,"0.790,0.993",gaze,910,0,200,105,-21.1
1779707669.7786,gaze_received,0,0,0,,"0.790,0.993",gaze,,,,,
1779707669.7897,frame_sent,18420,17197,1207,,"0.790,0.993",gaze,910,0,200,105,-15.4
1779707669.8117,gaze_received,0,0,0,,"0.790,0.993",gaze,,,,,
1779707669.8234,frame_sent,18420,17197,1207,,"0.790,0.993",gaze,910,0,200,105,-21.9
1779707669.8448,gaze_received,0,0,0,,"0.761,1.000",gaze,,,,,
1779707669.8627,frame_sent,18409,17197,1196,,"0.761,1.000",gaze,873,0,200,100,-21.3
1779707669.8779,gaze_received,0,0,0,,"0.728,1.000",gaze,,,,,
1779707669.8894,frame_sent,18428,17197,1215,,"0.728,1.000",gaze,831,0,200,100,-15.1
1779707669.9109,gaze_received,0,0,0,,"0.574,1.000",gaze,,,,,
1779707669.9243,frame_sent,18416,17197,1203,,"0.574,1.000",gaze,634,0,200,100,-21.5
1779707669.9440,gaze_received,0,0,0,,"0.541,1.000",gaze,,,,,
1779707669.9648,frame_sent,18420,17197,1207,,"0.541,1.000",gaze,591,0,200,100,-19.6
1779707669.9771,gaze_received,0,0,0,,"0.537,0.989",gaze,,,,,
1779707669.9829,frame_sent,18438,17197,1225,,"0.537,0.989",gaze,586,0,200,107,-12.3
1779707670.0103,gaze_received,0,0,0,,"0.546,0.728",gaze,,,,,
1779707670.0245,frame_sent,19263,17197,2050,,"0.546,0.728",gaze,598,96,200,200,-27.4
1779707670.0433,gaze_received,0,0,0,,"0.560,0.638",gaze,,,,,
1779707670.0640,frame_sent,20018,17197,2805,,"0.560,0.638",gaze,616,160,200,200,-18.7
1779707670.0765,gaze_received,0,0,0,,"0.560,0.636",gaze,,,,,
1779707670.0903,frame_sent,20063,17197,2850,,"0.560,0.636",gaze,616,162,200,200,-12.4
1779707670.1096,gaze_received,0,0,0,,"0.564,0.644",gaze,,,,,
1779707670.1234,frame_sent,20003,17197,2790,,"0.564,0.644",gaze,621,156,200,200,-19.2
1779707670.1426,gaze_received,0,0,0,,"0.581,0.738",gaze,,,,,
1779707670.1642,frame_sent,19234,17197,2021,,"0.581,0.738",gaze,643,88,200,200,-19.2
1779707670.1758,gaze_received,0,0,0,,"0.587,0.789",gaze,,,,,
1779707670.1912,frame_sent,19124,17197,1911,,"0.587,0.789",gaze,650,52,200,200,-11.4
1779707670.2089,gaze_received,0,0,0,,"0.594,0.965",gaze,,,,,
1779707670.2237,frame_sent,18555,17197,1342,,"0.594,0.965",gaze,659,0,200,125,-17.6
1779707670.2419,gaze_received,0,0,0,,"0.595,1.000",gaze,,,,,
1779707670.2634,frame_sent,18414,17197,1201,,"0.595,1.000",gaze,661,0,200,100,-18.2
1779707670.2750,gaze_received,0,0,0,,"0.596,1.000",gaze,,,,,
1779707670.2903,frame_sent,18416,17197,1203,,"0.596,1.000",gaze,662,0,200,100,-11.6
1779707670.3081,gaze_received,0,0,0,,"0.596,1.000",gaze,,,,,
1779707670.3242,frame_sent,18416,17197,1203,,"0.596,1.000",gaze,662,0,200,100,-17.7
1779707670.3412,gaze_received,0,0,0,,"0.596,1.000",gaze,,,,,
1779707670.3642,frame_sent,18416,17197,1203,,"0.596,1.000",gaze,662,0,200,100,-16.9
1779707670.3744,gaze_received,0,0,0,,"0.596,1.000",gaze,,,,,
1779707670.3891,frame_sent,18416,17197,1203,,"0.596,1.000",gaze,662,0,200,100,-10.1
1779707670.4074,gaze_received,0,0,0,,"0.596,1.000",gaze,,,,,
1779707670.4256,frame_sent,18416,17197,1203,,"0.596,1.000",gaze,662,0,200,100,-18.3
1779707670.4405,gaze_received,0,0,0,,"0.596,1.000",gaze,,,,,
1779707670.4634,frame_sent,18416,17197,1203,,"0.596,1.000",gaze,662,0,200,100,-14.9
1779707670.4736,gaze_received,0,0,0,,"0.596,1.000",gaze,,,,,
1779707670.4921,frame_sent,18416,17197,1203,,"0.596,1.000",gaze,662,0,200,100,-10.1
1779707670.5067,gaze_received,0,0,0,,"0.596,1.000",gaze,,,,,
1779707670.5237,frame_sent,18416,17197,1203,,"0.596,1.000",gaze,662,0,200,100,-14.5
1779707670.5397,gaze_received,0,0,0,,"0.596,1.000",gaze,,,,,
1779707670.5662,frame_sent,18416,17197,1203,,"0.596,1.000",gaze,662,0,200,100,-16.0
1779707670.5728,gaze_received,0,0,0,,"0.596,1.000",gaze,,,,,
1779707670.5917,frame_sent,18416,17197,1203,,"0.596,1.000",gaze,662,0,200,100,-6.5
1779707670.6059,gaze_received,0,0,0,,"0.596,1.000",gaze,,,,,
1779707670.6246,frame_sent,18416,17197,1203,,"0.596,1.000",gaze,662,0,200,100,-14.2
1779707670.6390,gaze_received,0,0,0,,"0.596,1.000",gaze,,,,,
1779707670.6650,frame_sent,18416,17197,1203,,"0.596,1.000",gaze,662,0,200,100,-14.4
1779707670.6721,gaze_received,0,0,0,,"0.596,1.000",gaze,,,,,
1779707670.6843,frame_sent,18416,17197,1203,,"0.596,1.000",gaze,662,0,200,100,-7.1
1779707670.7122,gaze_received,0,0,0,,"0.596,1.000",gaze,,,,,
1779707670.7343,frame_sent,18416,17197,1203,,"0.596,1.000",gaze,662,0,200,100,-27.8
1779707670.7453,gaze_received,0,0,0,,"0.594,1.000",gaze,,,,,
1779707670.7643,frame_sent,18417,17197,1204,,"0.594,1.000",gaze,659,0,200,100,-10.9
1779707670.7784,gaze_received,0,0,0,,"0.592,1.000",gaze,,,,,
1779707670.7926,frame_sent,18428,17197,1215,,"0.592,1.000",gaze,657,0,200,100,-14.1
1779707670.8115,gaze_received,0,0,0,,"0.589,1.000",gaze,,,,,
1779707670.8257,frame_sent,18415,17197,1202,,"0.589,1.000",gaze,653,0,200,100,-18.8
1779707670.8446,gaze_received,0,0,0,,"0.570,1.000",gaze,,,,,
1779707670.8641,frame_sent,18416,17197,1203,,"0.570,1.000",gaze,629,0,200,100,-18.8
1779707670.8776,gaze_received,0,0,0,,"0.566,1.000",gaze,,,,,
1779707670.8831,frame_sent,18424,17197,1211,,"0.566,1.000",gaze,623,0,200,100,-13.5
1779707670.9107,gaze_received,0,0,0,,"0.564,1.000",gaze,,,,,
1779707670.9229,frame_sent,18413,17197,1200,,"0.564,1.000",gaze,621,0,200,100,-27.5
1779707670.9438,gaze_received,0,0,0,,"0.564,1.000",gaze,,,,,
1779707670.9648,frame_sent,18413,17197,1200,,"0.564,1.000",gaze,621,0,200,100,-20.9
1779707670.9769,gaze_received,0,0,0,,"0.564,1.000",gaze,,,,,
1779707670.9897,frame_sent,18413,17197,1200,,"0.564,1.000",gaze,621,0,200,100,-12.0
1779707671.0100,gaze_received,0,0,0,,"0.564,1.000",gaze,,,,,
1779707671.0232,frame_sent,18413,17197,1200,,"0.564,1.000",gaze,621,0,200,100,-20.2
1779707671.0431,gaze_received,0,0,0,,"0.564,1.000",gaze,,,,,
1779707671.0649,frame_sent,18413,17197,1200,,"0.564,1.000",gaze,621,0,200,100,-19.7
1779707671.0762,gaze_received,0,0,0,,"0.564,1.000",gaze,,,,,
1779707671.0832,frame_sent,18413,17197,1200,,"0.564,1.000",gaze,621,0,200,100,-11.3
1779707671.1093,gaze_received,0,0,0,,"0.565,1.000",gaze,,,,,
1779707671.1255,frame_sent,18415,17197,1202,,"0.565,1.000",gaze,622,0,200,100,-25.9
1779707671.1424,gaze_received,0,0,0,,"0.565,1.000",gaze,,,,,
1779707671.1642,frame_sent,18415,17197,1202,,"0.565,1.000",gaze,622,0,200,100,-16.8
1779707671.1755,gaze_received,0,0,0,,"0.565,1.000",gaze,,,,,
1779707671.1849,frame_sent,18415,17197,1202,,"0.565,1.000",gaze,622,0,200,100,-11.2
1779707671.2086,gaze_received,0,0,0,,"0.565,1.000",gaze,,,,,
1779707671.2249,frame_sent,18415,17197,1202,,"0.565,1.000",gaze,622,0,200,100,-23.6
1779707671.2417,gaze_received,0,0,0,,"0.565,1.000",gaze,,,,,
1779707671.2629,frame_sent,18415,17197,1202,,"0.565,1.000",gaze,622,0,200,100,-16.7
1779707671.2748,gaze_received,0,0,0,,"0.565,1.000",gaze,,,,,
1779707671.3058,frame_sent,18415,17197,1202,,"0.565,1.000",gaze,622,0,200,100,-11.8
1779707671.3079,gaze_received,0,0,0,,"0.565,1.000",gaze,,,,,
1779707671.3411,gaze_received,0,0,0,,"0.565,1.000",gaze,,,,,
